misspelled,correct

writings,writtings
disparagingly,disparingly
yellow,yello
woods,woodes
hanging,haing
aggression,agression
adaptable,adabtable
immature,imature
swivel,swival
appropriation,apropriation
stabbed,stabed
Southwold,Suothwode
guardsmen,gards_men
incremented,increented
pulse,pluse
jamjar,jam_jar
blouse,boludes
thunder,thounder
fossil,fosscil
hero,heroe
dahl,dael
interrupting,interupting
atoms,atom
tape-recorded,tape_recorded
shriek,shreik
substance,substace
elaborate,elaberate
reports,reoprts
etiology,eitiology
snowing,showing
sines,sinse
subtracts,substracts
there_had,therad
criticise,critisize
sweetest,sweetes
remnant,reminent
sizeable,sizable
opponents,oppenerts
browse,bbrose
telegraph,telagraph
relax,relacks
reversible,reversable
tying,tieing
circumstances,circumstaces
accomplishment,acomplishment
apologetics,apolegetics
locker,loker
household,houshe
artillery,artillary
preferably,preferrably
hog,hag
complaining,complanig
hop,hope
cheetah,cheter*3
preferable,preferrable
fanaticism,fanatism
vaccination,vacinnation
outlawed,oulawed
monolithic,monolite
short-tempered,short_tempered
effective,affective
caisson,casion
headquarters,headquoters
season,seson
signatories,signitories
baggage,bagage
orally,erally
snowballs,snow_ball
keeps,keep
restriction,restrici
dreamed,dremd
vary,varie
sunshine,sunshin
Nazareth,Nazereth
fir,fur
unforeseen,unforseen
heretofore,heretofor
secede,seceed
survivors,survivers
coach-load,coach_load
distinguishing,distingishing
insubstantial,insubstancial
hidden,hidon
Him,Im*2
grievous,grievious
interrupt,interupt*2
blink,blnk
eisenhower,eisenhhower
scholar,scholer
represents,repreents
queues,ques
shoelace,shoe_lace
arrow,arow
volcano,volcanoe
dumpy,dunpty
obdurate,obdirate
preceded,preceeded
archetypes,archtypes
garment,garmet
spider,spiter
turnip,turnup
precedes,preceeds
fortnight,fort_night
ring,rings
whip,wip
excepting,exepting
inhabitants,habitants
assured,asured
threatened,thretened
grapes,graps
estimate,estamate
universally,universaly
scruff,scruf
reprimanded,repremanded
dinner-hour,dinner_hour
today's,todays
sallies,sally
instruct,instruck
customization,custamisation
bitten,biten
rhododendron,rhododrendon
similarly,similarily*2
engagement,enagement
perturbations,pertubations
master,mater
architect,archetect
geneva,geniva
snooty,snoty
predictable,predicable
positively,positivly
approximations,appoximations
omnivorous,omniverous
readjusted,reajusted
seminary,seminery
runner,runer
courier,coururier
metallic,metalic
Bang,Bankg*4
amusing,amsing
responsibly,responsably
Jones,Johnes
object,objet
mouth,moth
conceded,conseived
consummate,consumate
nineteenth,ninteenth
marvel,marval
polypropylene,polypropalene
insects,insexs
shuffling,shufarling
bush,buch*2
rich,rick
rice,rise
stammered,stamerd
terrors,terrours
foremost,formost
pocket,poket
foundries,foundaries
cushion,cusion
jaguar,jagaur
boarder,border
patch,pacth
disaster,diaster
fair,fare
peripheral,periferal
fail,fale
nocturnal,nocternal
hammer,hamer
propagates,propogates
preserve,preseve
claws,clors
invigorated,envigorated
extent,exstent
wheelbarrow,wheel_barrow
patented,pattented
chirped,cherped
incense,insense
levitating,levetating
planned,planed*2
unsymmetrical,unsyme
vain,vane
humming,huming
cardboard,cardbord
union,unioun
criticised,critisized
stadium,staydium
incompetent,incompetant
spit,spite
eastern,eastren
lift,left
child,cild
spin,spen
commerce,comerce
adaptations,adaptions
dissect,disect
player,playa
oxymoron,oximoron
demands,diemands
Married,Marrid
middle-aged,middle_age
supper,super
someone's,some_ones
peremptory,preemptory
rescinded,resinded
corporate,corparate*2
plaque,placque
capitol,capital
portrayed,protrayed
succeeding,suceeding
purchased,perchased
sciences,se
thickening,thikning
Connecticut,Conneticut
hat,hot
every_time,everytime
good-humoured,good_humer
confidentially,confidentally
disagreement,dissagreement
unequivocally,unequivocaly
birth,berth
Missouri,Misouri
unique,uneque
occurring,occuring*2
desire,disire
psychological,psycological
steps,staps
malnutrition,manutriction
Ithaca,Ihaca
Swedish,sweedish
creek,creak
crowd,croud*2
crown,croun
insistence,insistance*2
creep,creap
daddy's,dadies
fox,foxx
polluted,poluted
continue,contunie
periphery,perifery
syphilis,syphyllis
pollutes,polutes
pinched,picth
dinner-hours,dinner_hours
dollars,dollers
despair,dispair*3
slightly,slighlty
raised,rased
Feb,Fab
Motorbike,Motor-bikes
facility,facilitie
well-suited,well_suited
son,sun
respectable,respectible
consummated,consumated
sow,sew
wrap,rap
unambiguous,unabiguous
tame,tam
width,with
overhead,overhaed
offer,ofer
fascination,fasantion
talents,tallents
understandable,understadable
beech,beach
safeguard,safegaurd
genealogy,geneology
equalization,equilisation
devices,def
smashed,spached
palm,parm
passenger,passanger
juvenile,juvinille
disgrace,discrase
steady,stedy
proves,prooves
exist,exsist
dealer,dealor
superfluous,superfulous
roll,rol
double-cross,double_cross
asterisk,asterick
scale,skale
rolling,roling
quandary,quandry
good-natured,good_natured
push,puch
breadth,breath
cincinnati,cincinatti
whoever,who_ever
Indians,Indian's
integration,intergration
skate,skat
midst,mist
Ukrainian,Ukranian
philosopher,philisopher
amplification,amification
mache,mashe
cheap,cheep
break_time,breaktime
exact,exsact
settle,settel
prevent,pervent
two-faced,two_faced
attic,atic
candlestick,candle_stick
essence,essense
celebrated,celebrate
melt,malt
current,curent
extraterrestrial,extraterrestial
chrysanthemums,chrisanthimums
falling,folling
badge,bage
jury,jurry
honour,honer
My,By
momentous,momentus
dusty,duste
commonly,commongly
proclamation,proclomation
studies,studys
radish,raddish
grandpa's,grandpas
crammed,cramp
homesick,homsick
dangle,dongle
predictions,pe
vigour,vigeur
wood,wod
opposed,apposed
wondering,wondring
films,firms
loving,loveing
appendix,apendix
believed,beleived*2
detached,detatched
stockroom,stock_room
lodestone,loadstone
weasels,weazles
sacrament,sacrement
unequalled,unequaled
monitoring,monitering
thanking,thinking
elephant,elphant
extensions,extions
parameter,parametic
elbow-grease,elbowgrease
rehabilitate,rehabilatate
explored,expord
cockamamie,cocamena
varieties,varities
wheelchair,wheel_chair
swollen,swolen
definitions,defenitions
innocuous,inocuous
archeologist,archeaologist
Slaughterhouse,Slaughthouse
flips,frips
quarrelled,quarelled
deity,diety
tendency,tendancy*2
tore,tor
solitary,solatary
thumb,thum
internationally,internationlly
hymn-books,hymn_books
troubles,trubbles
councillor,councellor
attraction,atraction
constitutes,constitit
petition,petetion
apron,apon
civilian,civillian
matches,maches
records,rocords
compelled,compeled
subscribers,suscribers
twilight,twlight
phenomenally,phenomenonly
splinters,spliters
Stanley,Stanlay
quarter,quater
turtle,turtel
breakthrough,breakthough
frames,frame
owing,oweing
sponsor,sponser
canvas,canvis
interned,intended
Michigan,Michagan
investigation,investagation
disintegrated,desintegrated
hairdresser,hair_dreser
siege,seige*2
million,millon
seventh,seven
striven,strived
complicated,compicated
plea,plie
grandma,grandna
remainder,remander
seventy,seventee
patronage,part
modest,modist
initiate,intitate
silhouettes,slih
recompense,recompence
emotion,emition
saving,saveing
architecturally,archetecturally
clause,claws
Royal,Royl*6
cloakroom,cloak_room
affords,effords
exaggerations,exagerations
Monday,Munday
thirdly,thirdy
bite,bit
structured,stuctured
under_ladder,underladder
indicate,indecate
draft,deaft
dissipate,disippate*2
structures,structurs
Sept,Sep
depressed,depresed
coats,coots
Athenians,Atheneans
unfit,unfitt
in_front,infront
counselor,councellor
janitor,janiter
prospect,propect
alley,ally*2
say,said*2
get_out,get
sat,set
coliseum,colosium
aside,addise
maintain,mantain
vandals,vandles
ironically,ironicly
molecule,moleul
serval,cervial
printed,prented
crochet,croshay
knee,nee
personalty,personality
pages,pagis
adaptability,adaptibility
Portuguese,Portugese
average,avarage
drive,driv
Comment_allez-vous,Comatalevous*2
murmurs,murmers
pencilled,penciled
infuriate,enfuriate
merit,merrit
peaches,peches
scarce,scarse
weapons,wepons
slow,slo
gourd,gaurd
cloak,clock
hockey,hocky
congressional,congresional
dispute,disput
awaiting,awaitin
an_hour,anhour
artist,artest
parasitic,saresitic
cochlea,ch
priest,preist
bee-keepers,bee_keepers
worries,worre
surgery,surgere
receivers,recievers
kilometer,lilometer
bureau,beauro
enjoys,enyays
cantaloupe,cantaloube
vertical,verticle
aberration,aberation
screen,seveen
suppresses,supresses
revealed,revealled
gratefully,greatfully
in_between,inbetween
concentrated,consentrated
mans,masn
classroom's,class_rooms
besieging,beseiging
concentrates,consentrates
expression,expresion
allowance,allowence
yearly,yearley
twin,twen
comeback,comback
geese,gees
buoyancy,bouyancy
considers,conciders
caring,careing
comb,come
unconsciousness,unconciousness
west,wast
locally,localy
concede,consede
almighty,almity
unsafe,unsf
extant,extint
calligraphy,caligraphy
prominence,prominance
straighten,straiten
constituency,consituency
all-round,all_round
unhygienic,unheigenic
barbed,barb*2
sickness,sicknes
defy,defie
advertisement,advertisment*2
volcanoes,volcanos
vacant,vacent
tentacle,tenacle
genii,genei
grumpy,grumby
Botswana,botuania
summer,sumer
manifold,many_fold
truculent,trucculent
rest,rast
steamer,stemer
omissions,ommissions
weekly,weakly
generator,generrater
aspects,spects
decomposed,decomposited
knobbly,nobbly
bandage,bandge
postal,postel
decomposes,decomposits
unrepentant,unrepentent
nutrients,nutritents
souvenirs,souveniers
discarded,discare
stationary,stationery
supplementary,suplementary
thinks,thikns
there'll,therell
noon,non
endocrine,endochrine
refer,refere
accessing,accesing
intimate,intermit
in_spite,inspite
stone,ston
disabilities,dissabiliteys
luck,lock
rabbinical,rabinnical
burning,buring
legged,leged
accumulated,acumulated
series,serious
water-rat,waterrat
bubble,buble
yearned,yerned
complete,compleat
beginners,begginers
impedance,impedence*2
mice,mise
rush,ruch
monopoly,monapaloy
dispensing,dispencing
agree,agre*2
detailed,detailled*2
gratuitous,gratuitious
accents,achsends
Cinderella,Cinderrella
hobbies,hobbys
creak,creek
cream,crem
ideally,idealy
graduate,graguate
tight,tite
Watson,watston
puppy,pupy
contemporaries,contamporaries
spermatozoa,spermatozoan
tiger,tigar
partitioned,petitioned
impossibility,impossibilty
mass,mas
Canada,Canda
beware,bewere
Caesar,Ceasar
causes,cases
particles,particals
walkie-talkie,walky-talky
caveats,cravets
hunting,hanting
scratch,scrach
smile,smil*2
case,cace
baton,batton
puzzles,puzzle
manageable,managable
condition,condidtion
ingratitude,ingratitoode
Toby,Tobe
sand,sant
adjust,ajust
small,smal
mammal,mamal
ninetieth,nintieth
form-room,formroom
honourable,honerable
rye,rey
trick,trik
clock,clok
poisonous,poisenous
nurse,nuse
method,methed
strata,strat
hamster,hapster
social,socal
murdering,mudering
followed,fellowed
sherbet,sherbert
select,celect
archived,achived
attendance,attendence*2
britannia,britania
good-tempered,good-temper
unrecognizable,unrecocniseable
reminiscing,reminising
frogspawn,frogsporn
housebreaking,house_braking
cunning,conning
sizing,siezing
keeping,kepping
male,na
civilizations,civilations
prompt,promt
dislikes,deslike
gallon,galin
disliked,dislike
dress,dres
bonded,bonding
condemn,condem
shipped,shiped
relinquished,relingushed
pogrom,progrom
creature,creture
plant,plat
countryside,country_side
variant,vairiant
mended,meted
conveniences,conveniances
plank,planck
imagery,imaginery
rowdy,roudy
broadcasting,bradcasting
RSX,rsx
incessantly,incessently
reminded,remined
stylus,stilus
smiling,smilin
boomerangs,boomaranges
team-games,team_games
bypass,bipass
pickerel,pickeral
abandons,abondons
prefect,prefact
snowball,snow_ball
weedy,weedey
reticent,retecent
hereafter,hearafter
kind_manneredly,kind_manerdly
coping,copping
aggrieved,agrieved
lantern,lanturn
begged,beged
reduce,reduse
gaoler's,gaolers
peripatetic,peripathetic
exorbitant,exhorbitant
investigated,investegated
operation,opperation
penicillin,penecillin
shepherdess,sheperdess
missel,missle
meteorological,meterological
seizures,siezures
Rockefeller,Rockerfeller
conditioning,conditining
murmur,murmer
rises,re
misogyny,mysogyny
octahedron,octohedron
expedient,exspidient
corrugated,corrigated
reversing,revrsing
forwards,for_wards
belligerent,beligerant
slipper,sliper
ironing,irning
guess,ges
tadpoles,tadpolls
guest,gest
mizzen,missen
essays,essay's
ethos,ethose
immediate,imediate
appreciation,apreciation
secretarial,secutereal
determines,detrmines
getaway,geter_way
runners-up,runners_up
annihilation,anihilation
beforehand,before_hand
It,I*5
graffiti,grafitti
blond,blonde
jeopardize,jeprodise
commemorated,commmemorated
mangels,manggles
retired,returded
blackboard,black_board
effecting,effectinge
unused,unsed
on_to,onto
cover,cuver
researchers,rea
administrate,adminstrate
barrel,barrle
amusements,amusments*2
dragged,draged
despise,dispise
cruises,crusies
accommodations,accomodations*2
aghast,agast
freight,frieght
bookstand,booksand
writer,writter
sacrilege,sacralige
cassette,casette
factor,facter
atheistic,atheistical
quizzes,quizes*2
constituent,constituant
adheres,adhere
remedy,remidy
synchronization,syncorization
closely,closly
compass,compurs
frightening,frighteing
delving,delvin
sleeve,sleave
strictest,strictist*2
well-off,well_off
harassing,harrasing
river,rever
sex,ses
see,se*3
sea,see*5
shower,shour
spirits,sperits
compliment,complement
sparsely,sparcely
ripper's,ripper
renewed,renewded
signatory,signitory
interface,inerface
legislature,legeslature
improved,inproved
influential,influencial*2
barely,barly
improves,impo
let,lat
approve,aprove
blaze,blase
loaf,lofe
electrician,elecenician
pendulum,pendelum
loan,lone
northeastern,northereastern
hollow,holow
pronominal,pronomial
agents,agenst
devil,devel
conveyor,conveyer
acceptance,acceptence
assassinates,assasinates
hitting,hiting
assassinated,assasinated
resting,resing
counselling,councelling
bitchy,bitchey
fund,found
races,rases
awake,awak
systematic,systermatic
She's,She
judicial,judical
admire,addmire
Miss,mis
robin,robbin
pound,pond
calculator,calculater
virtually,vertually
survey,survay
knitting,nitting
flooded,flodded
deformity,deformaty
levels,levals
cucumber,cucomber
nickname,nick-name
stack,stake
recent,resent
canned,caned
residing,reciding
clearance,cleareance
leone,lione
telegram,telagram
layby,la-by*2
admission,addmission*2
interregnum,interrugum
advertisements,advertisments
burin,buring
location,loction
crying,cring
relevance,relevence
input,inut
defiantly,defenly
shove,shuve
emergency,emergancy
Oh,Ow*3
emanating,eminating
high-ranking,highranking
suffering,suufering
enumerable,inumerable
consensus,concensus*3
stylish,styleish
pertaining,pertaning
spring,sping
battalion,batallion*2
transactions,trasactions
even_though,eventhough
temple,tempel
performed,performes
agreement,aggreement*2
nowhere,no_where
analysing,aalysing
hatchet,hachet
hatches,hachess
hatched,hached
repair,repare
terrorists,teroists
democrat,democrate
a-quiver,aquiver
controversies,controveries
primarily,pimarily
contributor,contributer
criticisms,critisisms*2
bargaining,baragining
Smoking,Smocking
considerably,considerable
inches,inchs
relaxed,relax
pastor,paster
slums,sulmss
line,lin
peeped,peped
resistible,resistable
verification,verfication
spectroscopy,spectoscopy
medical,medical
supervisor,supervisser
defined,deffined
presided,prisided
Outside,Out_side
diverse,diversed
surveying,servaying
graceful,gracefull
uranium,uranisium
invalid,invilid
sailor,sailer
rabies,rabbies
besiege,beseige
oblige,oblidge
worsened,worstened
land,lat
algorithm,algoritm
age,ag
enrolled,enroled
fresh,freash
playtimes,play_times
results,result
gossip,gosip
windowsill,window_sill
citing,cisting
rejoined,reg
dyeing,dieing
dislike,disliked
carelessly,carlessly
jurisdiction,juridiction
susceptible,suseptible
mare,mear
continued,contuned
wipe,wip
transmission,ransmission
race,rase
athlete,athlette
terrifies,terrify's
cannibals,canniballs
licensed,licenced
crook,cork
temperate,temparate
Farmer,Frameman
wheat,weat
odd,ard
polluting,poluting
proffer,profer
firms,ferman
guinea-pigs,guinea_pigs
bird,brid*3
scenery,senery
sub-prefect,subpreyfect
eminently,emminently
gathered,gatherd
poverty,povety
untidiness,untideness
vinegar,vinigar
earwigs,eyewigs
fetch,fech
resulting,reulting
defeat,defeet
residents,recidents
Pekinese,pikaness
innocence,inocence
assemble,assemple
sugar,suger*2
confidence,confedence
chocolates,chocalates
druggies,drugies
eleven,elven
lodgment,lodgement
shipwreck,ship_wreck
infamy,imfamy
carrying,carring*2
labelled,labeled
rubbish,rubish
gladly,glady
charity,charaty
pejorative,perjorative
pour,pore
choirboy,choir_boy
scatter,scater
slid,slided
Police,Pollce
bent,bant
process,proccess*2
lock,loack
rode,rod
bend,band
slip,slep
weaken,wicken
ideology,idealogy
hydrophilic,hydropilic
rhubarb,ruhbarb
delay,deley
singular,singulaur
await,awate
notebook,note_book
preferring,prefering
cabbage,cabbge
hawk,hark
autograph,autgraph
varied,vqried
undernourished,under_norished
counter,conter
reminders,remnders
redundant,redundent
One,Won
allot,alot
allow,alow
pyramids,pyar
move,omve
perfect,perfact
mistletoe,mistlitoe
dispose,despose
meantime,mentime
heart-rending,heartrendering
hobby,hobbie
kiss,kis
presidential,presidental
expels,expells
mum's,mums*2
electrically,electricly
exacerbated,exerbated
beginner,begginer
thirteen,therteen
agriculture,agraculture
goalkeeper,goal_keeper
witness,wittness
fundamentally,fundementally
allophones,allopones
troop,troup
spill,spil
transferable,transferrable
dismantles,dismantals
receding,receeding
gamekeeper,gamekeeps
scene,seen
owned,oned
straining,strainin
collages,colloges
brimful,brim_full
self-opinionated,self-opiniated
traveller,travler
opossum,opposim
decorations,decrotions
exhilarating,exhilirating
grated,grete
interests,interrests
enforcement,inforcement
accompany,acompany
shorts,short
grandpa,grandpar
cabbage-looking,cabbage_looking
steel,steal
dead-end,dead_end
extraordinarily,extrordinarily
appealing,appealling
negatively,negitively
collecting,collecyting
have_to,haveto
beggar,begger
a_few,afew
gentle,gentel
dishes,diches
connived,conived
chief,cheif*2
decomposing,decompositing
lily,lilly
persistence,persistance
tyrannical,tyranical
Samaritan,Samariton
Dog's,Dog
device,divice*2
hypocrite,hypocrit
Joyce's,Joyce*2
tramps,trmp
metaphysical,pataphysical
thanksgiving,thankgiving
unscramble,unscamble
mechanical,machanical
fact,fackt
assassinations,assasinations
monasteries,monestaries
dependant,dependent
disbanded,disembared
infants',enfants
bedroom,bedroon
trivial,triveal
pause,paws
Meanwhile,Mean_while
jaw,jor
tape,tipped
molecules,moleculs
secretaries,secutaries
hope,hop*2
insight,insite
handle,handel
prohibition,prohabition
blackcurrants,blackcurrents
Once,Ones*2
contemptible,contempible
victuals,vituals
allusion,alusion
carboniferous,carbonferous
couturier,coururier
megabytes,egabytes
derogatory,derogitory
interchangeably,interchangably
buffalos,buffaloes
courtyard,court_yard
staring,stearing
drum,durm
invited,envited
Cheerio,Cheere_ho
drug,drog
etc,ect
Christ,Crist
Her,Here
defiance,definance
indict,indite
allocated,alicated
carnivorous,carniverous
attainder,attaindre
drank,drak
Durex,Durxer
feather,fether
pity,pitty
pedantry,pendantry
runway,runaway
bathtub,bath_tub
discoveries,discovers
ripe,rip
site,sitte
hardware,hardwear
excessively,exessively
adultery,adultry
tattoo,tatoo
terrorist,territorist
painstaking,paintaking
outbreak,outdrak
covenant,convenant
nationally,nationaly
forecasts,forcasts
proficiency,proficiensy
dust,dost
at_least,atleast
fielder,fiedler
command,comand
administered,admiistered
diphtheria,diptheria
drawing,drawin
snake,snak
rooms,rome
generous,generious
arrest,arest
combine,comibine
crack,crak
mannered,manerd
practise,practice
fairies,fairy's
decidable,decideable
haul,hall
five,fiv
incessant,incesant
crisp,cresp
onion,onin
imprison,imprisons
need_not,neednot
replacement,replasments
poor,por
Macwilliams,macwillaims*2
foreseeable,forseeable
immortal,imortal
There's,There
asynchronously,asyncronously
ballot,ballet
shone,shon
her_a,hera
therapists,threapists
forgiven,forgivon
biology,biolagy
blowing,bloing
voluptuous,volumptuous
invertebrates,invertibrates
peas,pes
pressure,presure
targeting,targetting
loans,lones
gained,ganed
sister,siter*2
drumming,druming
recur,reoccur
whistled,wisheld
self-made,self_made
playing-fields,playing_fields
Nose,Nos
obbligato,obliggato
mere,mear*2
larvae,lavae
housing,houssing
disapproval,disaproval
function,fuction
cosmopolitan,cosmoplyton
delivery,delievery
washerwoman,washawoman
apollo,appolo
basin,bassin
count,cont
Bicycle,Bicyle
places,plases
smooth,smoth
placed,plased
convince,convience
profusion,profesion
nurses,nurse's
dissemination,disemination
effected,aff
renowned,reknowned*2
efficacy,efficity
salesman,sailsman
scholarly,scholarstic
details,detals
suppress,supress*2
incorrigible,incorigible
monday,mond
footprints,foodprints
anal,anual
coloration,colouration
matrix,matriiix
ghost,goast
rule,rulle
mercenary,mercanery
consolidated,consolodated
personally,persnaly
nursery,nusey
oldest,olddis
stinks,sticks
Ranger,Rango
wreath,reath
merchantmen,merchantment
distort,distart
women's,womens
lecture,lectur
electronics,electrict
abhorrence,abhorence
progression,progresion
announced,anounced
chew,chow
galas,gala's
midsummer,midsummer's
colloquialism,colloquilism
rigorous,rigourous
levitate,levetate
specs,spec's
phoned,phone*3
alsatian,alsation
established,establise
churches,churchs
consisting,consisiting
bookcase,book_case
pursuit,persuit*2
ploughed,ploud*2
paraffin,parrafin
celebration,celabration
obtained,obtain
daughter,dauter
items,itims
tankard,tanker
Pyrenean,Pyrannean
archaeological,archeological
glance,glacnce
total,totle
world's,world
separated,seperated*2
aware,awear
separates,seperates
indent,ident
worm,worme*2
worn,warn
mammalian,mamalian
mechanic,macanic
ascetic,asetic
pollute,polute
tornadoes,tornados
recovery,recofey
bandaging,banjind
beach,beech
fever,feaver
bared,barred
suing,sueing
law,lor
lap,lape
nipped,niped
alienate,allienate
greet,great
encompassing,encompasing
green,gren
woollen,woolen
office,ofice
satisfied,satisfyed
plastics,plastis
satisfies,satifies
mayor,mayer
What's,What*2
recreational,recrational
Whoever's,Whos_evers
production,productions
contaminate,contaiminate
roommate,roomate
rocks,roks
sled,slad
flock,flok
Presbyterian,presbyterian
diesel,disel
forty,fourty*2
forth,fourth
dishwashers,diswh
campaigns,campains*2
unconvinced,unconviced
appointments,apointments
people's,peols
forcibly,force
mutilate,mutalate
lollipop,lollypop
shrubbery,shrubery
Cambridge,Cambrige*2
created,creaeted
creates,creats
renew,renue
incorporated,incorporatd
home-made,homemade
Cooper,Copper
render,rander
synonymous,synonomous*2
Guatemalan,Guatamalan
antarctic,antartic
illustrate,ilustrate
confectionery,confectionary
compromise,comprimise
john,johhn
corresponded,corrisponded
scenes,seens
unmistakable,unmistakeable
solely,soley
self-confident,self_confident
rewrite,rewriet
forced,forsed
Christian,Christain
latter,later
pilgrimage,pilgrimmage
completed,compleated
gravy,gravey
exercised,excerises
involving,invlving
grave,crave*2
inferred,infered
swamp,swap
mass_media,massmedia
accompaniment,accompanimen
voting,voteing
magnolia,magolia
reserve,resurve
heuristics,heuritics
nephew,nefue
toast,tost
guidance,guidence*2
deepest,deapest
rectangle,rectangeles
predecessor,precedessor
colleagues,collegues
degradation,degredation
happiest,happeist
suffrage,sufferage*2
bandwidth,bandwith
crucifixion,crucifiction*2
steak,stack*3
erroneous,errounous
Caracas,carcas
swimwear,swim_wear
symmetric,symmetral
shields,sheilds
accord,acord
rudimentary,rudemtry
handful,handfull
stealing,stelling
climate,climet
coy,cpoy
Britain,Britian
bran,brain*2
Sistine,Sixtin
ingenious,ingeneous
royal,royle
seizure,siezure
Ireland,Irland
gratitude,graditude
a_look,alook
engines,egreers
slimmest,slimest
condemned,condemmed
exceeded,excedded
chimneys,chimnies
flexible,flexable
duties,dutys
spermatozoon,spermatozoan
plebeian,plebian
attacked,atacked
coherent,coherant
skinheads,skin_heads
east,est
publicly,publically*2
aim,ame
aid,ade
characterizing,characterissing
mistake,misstake
Badcock's,badcock
sting,steng
audrey,audre*4
primitively,primatively
comparative,comparitive*2
girls',girl
punctuation,puntuation
descend,decend
indictment,inditement
wheel,weel*3
fuss,fus
swell,swel
hand,hande
watercolours,water_colours
blamed,blaimed
soak,soke
client,cleint
humbly,humly
pronouncements,pronouncments
stringent,stingent
athletic,atheletic
photo,phto
thanks,thank
victim,victom
swears,swaers
electronically,electronicly
shout,showt
belongs,belong
board,bord
expelled,exspelled
well_as,will
boxes,boxs
cape,kape
progresses,progressess
rustle,rusall
competence,competance
accuracy,acuracy
Frogmen's,Frgmens
eyeing,eying
hassle,hassel
confusing,confusin
congratulate,congradulate
big-head,big_head
comments,coments
nuzzled,nozled
honoured,honered
beating,beting*2
hare,hace
marketing,marketting
illustration,illustartion
binomial,binominal
architectural,archetectural
post,past
coral,corral
situated,situtated
propagate,propogate
octopus,octapus
croak,croke
dilemma,dilema
wasting,wadting
prisoners,prsioners
after_a_while,afterawhile
usefulness,usefullness
balanced,ballanced
sovereign,soverign
clinical,clincial
war,wor
lowest,loest
scribbling,scribling
elderly,eldely
absent,apsent
maximum,maxium
emotional,emothional
Carthaginian,Carthagian
abstract,abse
religiously,religously
evidence,evedence
enlist,Enlish
archive,achive
physical,phisical
holding,holing
heyday,heydey
artificially,artifically
brothers,brother
welcome,wellcome
improvisation,improvision
let's,lets*6
assiduous,assidious
ninetyninth,nintynineth
reception,reseption
concept,consept
impulse,impurs
switched,switch
Cynthia's,Cynthia
hurry,hury
flash,flass
electron,electon
jogged,joged
division,divison*2
alumnae,alumni
anonymous,anynomous
aggressively,agressively
flammable,flamable
free-going,free_going
gun,gon*2
sidewalk,sidwalk
unequipped,unquped
brave,brav
detonated,detenated
repetitive,repetative
niggardly,nigardly
cost,cast
scarcity,scarsity
in_fact,infact*2
cargo,cargow
a_while,awill
appeal,apeal
Libya,Lybia
goldfish,gold_fish
teaches,teset
change,chang
pedals,pedels
precursor,precurser
bald_eagle,bald-eagle
trial,trail
pillow,pilow
regardless,irregardless*2
bad_one,budra
uphill,upwill
softy,softee
controls,controlls
prove,proove
territories,terriories
angels,angles
matador,materdoor
obsolescence,obselescence
repentance,repentence
envelope,envolope
house_points,housepoints
logarithm,logarihm
douche,back
coerce,coeece
metamorphosis,metamorphysis
mouser,mousr
heart,hart*2
dedicated,dedciated
metallurgical,metalurgical
attribute,atribute
chin,chen
yard,yerd
spa,spar
airplane,airplan
bankrupt,bankrot
evil-looking,evil_looking
criterion,critereon
Adam's,Adam
product,prodect
influenced,influented
neat,net
dive,div
disgusted,discusted
motorway,motor_way
produce,produse
heroes,heros
flourish,fluorish
compatibility,compatiblity
whenever,when_ever
explicit,explicite
berets,berrets
idiosyncratic,ideosyncratic
colt,cold
used_all,uasall
statements,stetemets
cold,cald
still,sill*3
birds,brids
trifle,triffle
acknowledge,acknoledge
selves,selfs
conquerors,conquerers
spacious,spaceous
trilby,trillby
disparate,desparate
rake,rack
levitates,levetates
provision,provission
nor,nore*2
wont,wont
daub,doub
intrigued,intregued
kerb,curb
fired,fiyed
challenges,chalenges
erratically,eraticly
hymns,hymn's
accomplish,acomplish*2
space,spase
furthermore,furthermoo
hastily,hastely
navigating,navagating
inevitably,ineviatbly
quart,quat
rebel,rebell
tightening,tighting
obligation,oblegation
ominous,omenous
invitation,invatation
conform,coform
municipality,muncipality
message,mesage
truthfully,truthfall
checked,chacked
silent,sli
households,housholds
exerted,extered
mostly,mostley
pittsburgh,pittsburg
television,televison
optimism,optomism
aerials,aeriels
scholastic,scholarstic
cymbals,cymbols
decompose,decomposit
troublesome,troblernsom
unsubstantiated,unsubstanciated
recover,recuver
offering,offoring
overcoming,overcomming
hide-out,hidout
oppressive,opressive
price,prise
algebraic,algebraical
indisputably,indisputibly
implications,inplications
premiered,premeired
ferrari,ferrary
Hallowe'en,hallowen
per_cent,persent
filing,filling
resurrecting,resurecting
excerpts,exerpts
fifth,fith
title,tittle
breadcrumbs,bred_crumes
proportion,propotion
filipinos,philipinoes
inventions,enventions
androgyny,androgeny
pumpkin,pumkin*2
oscilloscope,oscilascope
cannon,canon
celebrate,celabrate
seldom,seldem
storeys,stories
losers,loosers
husband,husbon
concert,consert
burst,bust
whitewash,white-wash
elected,ellected
actively,activally
angina,agina
concern,consern*2
colours,calers
import,inport
justified,justifyed
connoisseurs,connoiseurs
receded,receeded*2
emigrant,imigrant
installation,instulation
resided,recided
Death,Dearth
madness,maddness
usurious,usurous
unencompassable,unemcompassable
proved,prooved
charismatic,carismatic
informed,imformed
linguistic,libguistic
monsieur,missiour
external,exerternal
midwives,midwifes
crumb,crum
most_famous,famoust
notoriety,noteriety
roughing,rufeing
omnivorously,omniverously
mining,minning
zenith,zeenith
commander,comander
embrace,emprace
commanded,commaunded
inquire,inquir
media,midia
transcribing,transcripting
inquiry,inquirey
document,doccument
noble,nobel
pedantic,pendantic
centuries,centruies
arctic,artic
respected,respectered
despatched,dispatched
lots_of,looks
swallow,swollow
mentally,mentaley
theater,theather
Jane's,Janes
agreeing,agreing
alleviate,alliviate
charged,change
You're,Your
speed,spead
death,deat
geographically,goegraphicaly
improvement,improvment
trestle,tresle
verse,verce
struck,struk
propped,poped
Nuremberg,Nuremburg
spectacular,spectauclar
usefully,usefuly
earnest,ernest
listening,lsning
using,useing*2
fortune,fourtune
heightened,hieghtened
beechwood,beech_wood
miracle,miricle
fully,fuly
ceremonial,cerimonial
apartments,appartments
servile,cervial
rehearsing,rehersing
hemorrhage,hemorrage
Mary,Marry*4
backchatting,back_chating
deficit,deficite
forks,forker
director,directer
sixth,six
equivalent,equivelant
grown_up,grown-up
sixty,sixtey
assassin,assasin
processor,procesor
stratagem,strategem
dextro,detro
involvement,involvment
forwarded,fowarded
prepare,prepair*2
table-tennis,table_tennis
Dracula's,draculla's
groan,grown
delayed,delaid
cottage,cotage
irreversible,irreversable
corduroy,corderoy
outskirts,outscirts
hire,higher
bucket,buket
beliefs,belives
scanned,scaned
trace,trase
sheath,sheat
credibility,credetability
housework,housee_work
houseboat,house_boat*2
gaining,ganing
carpenter,carpentar
track,trak
registry,registery
suited,suted
torches,toches
tendencies,tendancies
pool,pole
connotations,cannotations
untidy,untiede
moonlight,monlight
cores,corres*3
exhibitions,exibitions
pointing,pooting
gown,grown
maypole,may_pole
thoughtful,thought_full
carpet,carpit
clubbed,clubed
heaven,heven
mild,miled
circuit,ciricuit
ogling,oging
study,studdy
throbbing,throbing
cookies,cookes
in_case,incase*2
fence,fance
colossal,collosal*2
canonical,cannonical
emotions,emotion
apologized,appologised
proselytizing,proseletyzing
selective,seleactive
strong,strog
arena,areana
losses,lesses
creepy,crepy
soldier,solger
advertising,advertiseing
criticises,critisizes
Joan,Jone
desiccate,dessicate
toys,toy
attendant,attendent
want_to,wanna
conventional,convential*2
probabilities,probibilities
up_cast,upcast
phials,fiels
propellers,propellors
excuse,exuse
So,Show
factories,factorys
producing,prodi
grill,grille
pigs',pigs
nine,nin
spontaneous,spontanous
self-conscious,self-concious
boycott,boygot
phrase,fraze
foreseen,forseen
individualistic,idividualistic
unearthly,unerthly
venomous,venemous
sneak,sneek
tries,trys
inconceivable,inconcievable
Garden,Gardon
documentation,documtations
dread,dred
reservoir,resevoir
noughts,nought
reminiscences,remeniscences
buffaloes,buffalos
solving,soli
relate,recate
motivated,motiviated
Victorian,vitiorian
moaning,moning
you've,you
foot,fot
irrationality,irrationallity
enlarged,enlargd
New_Yorker,Newyorker
capability,caperbility
Gael,gae
miniaturized,minaturised
bickering,bickere
event,avent
juniors,juniour
presumptuous,presumptous
jolly,joly
fountain,fountian
issue,isue
gardener,gardner
primaeval,primeaval
bald,bould
ponderous,pondorous
reason,reson
earliest,earlyest
revolutionary,revolutionar
unresolved,unresloved
persuading,pususading
terribly,terrible
liaison,liason*2
expecting,exspecting
exponentially,exponentualy
daisy,dasy
picnicking,picnicing
transcendence,transcendance
liquefied,liquified
maple,mapel
perturbation,pertubation
obedience,obediance
airborne,airbourne
broccoli,brocolli
pinned,pined
mosaic,mosaik
storm,strom
cartridges,cartriges
grocery,grosery
grew,grow
kindly,kinly
squeaks,squeeks
tea-maker,tea_maker
obfuscate,obsfuscate
sentenced,senteced
urgently,ungertly
Father,Farther*2
ecstatically,exstaticaly
lid,led
cave,kave
officers,offercers
swallowing,swalloing
labour,laber
lip,lep
useless,usless
aggravating,agravating
Puccini,Pucini
towards,towords
quote,quot
promiscuous,promiscous
eaten,eatten
comparisons,compariosns
salary,salery*2
popularity,popularaty
part-time,part_time
cheerio,cheeroh
booze,bouse
Babies,Babys
reminiscent,reminescent
justice,justise
flesh,fleash
versatility,versility
reap,reper
meanwhile,meanwile
While,Will
pretending,be_trending
competing,compeating
combinations,combination
imitating,immitating*2
adhering,adhearing
retaliation,retalitation
perfume,purfume
seventeen,seventen
throwing,throws
France,Fance
culture,cut
close,clos
grocer,grouser
mussels,muscels
cartographer,carthographer
ranked,rankd
invisible,invisable
archeologists,archeaologists
buzz,buss
experimental,ep
hairdressing,hair_dressing
battery,batery
badminton,badmington
damp,damp
style_guide,styleguide
collectible,collectable
partly,partley
wet,weat
modelling,modeling
Mayfield,Mayfeild
gale,gae
rope,rop
ought,out
guide,guid
pack,pake
instead_of,insteadof
embroidered,embroiderd
hoax,houx
rulers,rules
clerical,clearical
composition,compostion
classmates,class_mates
dime,dim
bonus,bonas
pomegranate,pomegranite
fulfilment,fulfillment
cleaning,clening
ceremonious,cerimonious
herewith,hearwith
older,oldr
flirts,firts
grind,grined
some_time,sometime
beginnings,begginings
cedar,ceder
appalled,appaled
technicians,techicians
quarters,quators
retirement,retirment
canisters,cannisters
questioned,question
debatable,debateable
remaining,remained
sandwiches,sadmages
unravelled,unwravelled
soliloquy,soliliquy
march,mach
tiring,tiering
signal,singal
popular,populer
parade,prade
brakes,breaks
Guinness,Guiness
for_the,fort
mucous,mucuous
lifelike,life-like
exceeding,exeeding
pounding,ponding
civilization,civilazation
break-times,breaktimes
rub,rob
schooldays,school_days
troops,troups
shine,shin
experiences,experances
caretaker,cartaker
within,withing*2
dissatisfaction,disatisfaction
presupposes,presuposes
renewal,renual
besieged,beseiged
heritage,inheritage
rummage,rumage
collapsed,collasped
frost,forst
bolsters,boulsters
Tommy,Tomy
inclose,enclose
fishy,fishey
Switzerland,Swizaland
crapped,crept
ceremonies,cerimonies
Irish,Iresh
skull,scull
denigrating,denegrating
foresight,forsight
politic,politict
heterogeneous,heterogenous
ordered,orderd
accessibility,accessability
metals,metet
cotton,cotten
objection,abjection
prerogative,perogative*2
forerunner,forunner
nap,map
spectators,spectatoes
drag,drage
graphically,graphicaly
councillors,councellors
dram,deram
neighbouring,neigbouring
unconnect,unconect
ignorant,ignorent
requires,requres
kilometre,lilometer
proposition,propostion
salaries,salarys
barbecue,barbeque
ammonia,amonia
illegible,illegable
gases,gasses
anointed,annointed
nose,nocth
wavy,wavey*2
telling,teling
nourishing,norishing
jump,junp
noise,nose*4
notwithstanding,nothwithstanding
waitress,waiteriest
plays,playes
espresso,expresso
exacerbate,exerbate
Boys,Boy*3
imitator,immitator
schoolboys,school_boy
conceited,conseated
lorries,lorry's
stubbornness,stubborness*2
repel,repell
products,produts
vilify,villify*2
examining,examinin
foresee,forsee*2
addresses,adresses
danger,dager
manage,mange
addressed,adressed
anomalies,anomolies*2
singing,sining
penalty,penatly
camera,camara
cheeky,cheaky
agreeable,agreable
simpler,simplier
shut_up,shock
popped,poped
unilaterally,unilatreally
becomes,become
appointed,apointed
starter,strater
mythical,mithical
announcing,anouncing
averaged,averageed
recession,recetion
irreparable,irrepairable
Nevada,nevade
boasting,bosting
filament,filiament
fare,fair
British,Brittish
fatigue,fategue
engineering,engeneering
feels,fiels
favourites,favorites
software,sofware
basement,basment
offences,offenses
costume,costome
brittle,bittle
broom,brom
notebooks,note_books
brook,brock
imbalance,inbalance
surrounds,surounds
Two,Tow
church-operated,church_operated
subtraction,substraction
documented,doccumented
impresario,impressario
adjournment,adjurnment
Celsius,Celcius
globe,glob
inverted,invertd
aggravated,agravated
seesaw,sea_swa
turnkey,turnk
measure,mesure
separating,seperating*2
disappointedly,dissapointedly
critics,criticists
trashy,tashie
withdrawal,withdrawl
interplanetary,interplanetry
attending,atending
corrosion,corosion
determining,determinining
route,rout
diminished,dminished
knickers,kicknes
protagonists,protaganists
benediction,bendecition
mankind,manknd
succeeds,suceeds
pitied,pityed
powerful,powerfull*2
unsupported,unsuported
improving,improoving
bitch,bich
tarmacked,tarmaced
quality,quailty
practitioners,practicioners
attach,attache
ankle,ankel
perfectly,perfactly
prone,prove
disagreeable,disagreable
lists,lsits
manufactories,manufacturies
manipulation,maniputaltation
photograph,photagraph
Saturdays,Saterdays
distinguishes,distingishes
bee,be
claim,clame
succinctly,sucinctly
referral,referal
serfdom,surfdom
exhibit,exibit
enforced,in
interrogating,interogationg
tennis_player,tennisplayer
jumble-sale,jumble_sale
truck,truk
pursues,persues
pursuer,persuer
vengeance,vengance*2
connected,conected
awe,ore
subtracted,substracted
upset,up_set
art_room,art-room
impression,inprestion
anyway,enyway
partners,parteners
envy,envey
based,basen
unfinished,unfinised
tire,tier
versatile,versitile
employed,emploied
dodge,doge
Yard,Ysid
seizing,siezing
overall,overal
unacceptable,unaceptable
abundance,abundence
legitimate,legitamate
sassy,sasy
procedures,proceedures
endless,end_less
gray,grae
evident,evedent
shy,shiy
somebody's,somebodies
contain,contane
Austrian,Austrain
grab,grabe
preach,prech
spotted,spoted
shake,shack
orphan,ophan
reinforce,reinfore
computer,comupter
maneuverable,manouverable
state,stat
monitresses,monitrouses
kidneys,kidney
tent,tant
comparable,comporable
sole,soul
kicking,kiging
merry,marry
distribution,distibution
interpretations,interper
disobeyed,disabayed
admit,admite
all_sorts,alsorts
nest-boxes,nest_boxes
conspired,conpired
reevaluated,revaluated
cent,sent
treat,treet
controlled,controled*2
well-paid,well_paid
guerrillas,guerrilas
quotation,quotion
And,Ane
Tom's,Toms*2
chalk,chork
owns,ownes
Catiline,Cataline
examined,examend
capture,capure
parts,pars
speaker,speacker
eclectic,electic
partial_eclipse,part-eclipse
unconventional,unconvential
fireman,firemen
appearances,appearences
sarcastic,sorcastic
pull,pall
compendium,conpendium
intercede,intersede
insurmountable,insum
battle-axe,battle_axe
dressed,drest
stirrups,stirups
warlord,warloord
spherical,sperical
reside,recide
increasingly,increasinly
accurate,acurate
dose,does
Sunday,Sanday
advertised,advotised
coordination,coordiantion
restaurateur,restauranteur
aerial,aeriel
aficionados,afficionados
cumulative,cumulatative
kick,kike
sonic,soonec
prefabs,pre-fabs
burden,birden
propeller,propellor*2
loss,lose
renegade,renagade
candy,cand
rota,rote
page,pag
climbers,glimers
phenomena,phenonmena
tempered,temped
connectives,connectivies
kettle,kettel
inflammation,inflamation
oppression,opression
octogenarian,octagenarian
medieval,medeival
reaching,reching
expansion,expanion
paper,papr
April,Apirl*3
freedom,feedom
persuades,pursuades
recognized,reconnised
nightclub,night_club
utility,utillty
impatience,impatiene
noticed,notest
north,noth*2
mucked,muked
triangular,triangulaur
neutral,nutral
hierarchical,hierachial
gain,gane
technician,techician
converter,convertor
limit,limet
authority,athority
functions,functuions
contest,conest
additionally,additinally
jack-knife,jacknife
appoint,apoint
persistent,persistant
indirectly,inderctly
secondly,secondy
pardon,parden
temperament,temperment*2
straws,strawes
minuscule,miniscule*2
swam,smim
segments,segements
Honda,Hondor*4
disability,dissability
presents,present
swap,swop
teaching,teching
sorry,sory
downstream,donstream
affect,effect
vast,vaste
baking,bakeing
crops,cropes
companies,companys*2
frozen,frosen
vector,vectore
sexton,sixty_one
enhance,enhence
favoured,faverd
quilt,cwilt
japanese,japaneze
likely,likly*2
colourful,colourfull
pragmatism,pragmaticism
met,mat
nanny,nana
active,acttive
piercing,piecing
credit,creadit
superstitious,supersticious
handwork,hand_work
county,conty
ninety,ninty*3
landscape,lanscape
calm,carm
supporters,suppoters
wary,weary
loony,lonny
warm,worm
adult,addult
ward,whard
pivoting,pivting
room,roon*2
Tim,tiem
gasoline,gasaline
exploitative,exploititive
squirting,squrting
laughs,laughes
surveyor,surveyer
elicited,elicided
trouble-maker,trouble_maker
aboard,abroard
replacing,replaci
abuts,abutts
summary,sumary
run_away,runaway
prowls,prouls
schoolchildren,school_children
president,presedent
phial,fiel
ambivalent,ambivilant
purchase,perchase
guerilla,guerrila
substructures,subsructures
idiosyncrasy,idiocyncracy
fungi,funguses
capitalism,capa
frequent,freequent
inhabitant,habitant
operate,opperate
exhorted,exorted
operations,operatins
toads,roads
ghastly,gastly
post_office,postoffice
copyright,copywrite
fun-loving,fun_loving
polygamy,poligamy
blackened,blackend
weeks,week*2
confidently,cond
vigorous,vigourous*2
combination,combanation
girlfriend's,girl_friend
caterpillar,catterpilar
well-educated,well_educated
indulge,indulgue
eyas,eyars
leaner,leanr
grammar,grammer*3
meat,meet
arrested,erested
roast,rost
loneliness,lonelyness*2
bond,bound
interruption,interuption
navy,navey
clauses,causes
velvet,velvit
revolting,revoulting
reader,reder
dress-rehearsals,dress_rehearsals
rehearsed,rehersed
whiff,wift
deceived,decieved
revenge,reveng
proportionality,proportionallity
mistress,misstress
boarders,borders
user,uers
playwright,playwrite*3
hoop,hop
disappearing,dissapearing
Commentary,Comentary
acquaint,aquaint
Monkeys,Munces
wander,wonder
push-bicycle,pusbycile
somewhat,somwhat
agriculturist,agriculturalist
begins,begines
distance,distants
desiccated,dessicated
spoiled,spoled
wielded,weilded
sees,see
rattle,ratle
obviously,obviosly
seek,seak
expeditions,expiditions
Albert,Ab
divulge,devulge
chest,cheast
niece,neice*3
monkey-puzzle,monkey_puzzle
phonograph,phongraph
mashed,mash
impurities,impurite
translator,translater
iterate,interate
Jacques,Jaques
observation,observeation
Philippine,Phillipine
urgency,urgu
nice-looking,nice_looking
discontent,discontentment
my_way,may
sows,sow
visitor,vistor
retire,retier
attempts,attemts
supplied,suplied
sneaking,sneking*3
cripple,criple
inventor,inventer
tidied,tiyeded
bad,bed
ears,ers
decides,descides
imitate,immitate
interruptions,interuptions
voyage,voage
summaries,sumarys
embroidery,embrodery
simplest,simlest
lazy,lasy
ignorance,ignorence
weary,wery
beautician,beutician
picking,piking
resistant,resistent
uncertainty,uncertainity
prefabricated,prefabrecated
contribution,conibation
presumably,presumibly
hygiene,hygeine*2
springs,spring
accustom,acustom*2
proceeded,proceded*2
puts,pos
basis,bases
erect,ereck
detrimental,detremental
formalized,formallized
quantities,quanties
dismiss,dismess
decrepit,decrepid
tapping,tappin
Stuart,Sturt
aviation,avation
censored,censorsored
guarantees,guarentees
able-bodied,able_bodied
spontaneously,spontaneos
spawn,sporn*2
metropolitan,metropolitian
cant,cant
mouse,moues
Hong_Kong,Honk_Kong
bottles,battels
specialization,sececialization
parish,poshurst
waterworks,water_works
potentially,potentialy
colonies,collonies
evolve,evolved
delight,delite
supposing,suposing
programs,progroms
practices,prat
qualities,quaties
claims,claimes
consciousness,conciousness*2
sentence,sentance
serviette,serviet
Blitzkrieg,Blitzkreig
facts,fas
infinitely,infinitly
assassination,assasination
Boss,Bos
wretch,wrech
save,safe*2
scatty,scanty
paper_boats,paperboats
background,back_ground
dreams,dreasm
manual,manuel
somehow,some_how
dead,ded
metallurgic,metalurgic
tripped,trip
separately,seperately*2
dense,dence*2
theatre,theather*2
carts,cartes
fountain-pens,fountain_pens
prayer-book,prayerbook
protagonist,protaganist
keeper,kepper
flourished,florished
vaginas,virginas
flourishes,fluorishes
Maltese,maltesian
craftsman,craftman
commit,comit
marshal,marshall
automatically,autoamlly
anointing,annointing
formerly,formally
lieu,liew
stump,stomp
jealousy,jelousy
let-down,let_down
deckchair,deck_chair
starve,stave
undergrowth,undergroth
January,Januery
analyse,analiss
surrender,surender
fort,fought
pavilion,pavillion
bounds,bound
whiskey,wiskey*3
horrifying,horrifiring
unenlightened,unenlightend
semicolon,semi-colon
Franciscan,Fransiscan
sale,sail
fashioned,fashion
awhile,awile
authoritative,authorative
mediaeval,medeival
model-making,model_making
house_point,housepoint
felt,falt
daily,daly*2
jacket,jaket
profits,proffits
managed,manged
ex-policewoman,ex-police_woman
woodwork,wood_work
relieve,releive*2
mile,mill
skin,scin
abundant,abundent
targeted,targetted
retention,retentiaon
technique,tecnique
micrometers,me
appendicitis,appendicitus
shoot,shot*2
string,sting
permissive,permmasivie
advised,adviced*2
governments,goverments
dim,dime
accidentally,accidently*3
item,tiem
excellence,excelence
dealing,deling
pregnancies,pregancies
villi,villin
threshold,threshhold
eating,eting
genitalia,genialia
favour,faver*2
tunnel_like,tunnellike
proclaiming,proclaming
appetites,appatites
decipher,decypher
box,bax
exemplified,exemplyfied
institute,instute
odour,oder
suggestion,sugestion
raccoon,reccona
genuinely,genuinly
elect,ellect
flexibility,felxibility
licensing,licencing
sake,sack
uncritical,uncritiacl
labyrinth,labrynth
rigid,riged
archaeologists,archeaologists
androgynous,androgenous
soul,sole
entrepreneurs,entrepeneurs
growing,groing
arrive,arive
crazy,crasy*2
agent,agant
sample,sampel
drawer,draw
beverley,beverly*3
stick-insects,stickin-sects
necklaces,necklesses
pine,pin
pure,pur
revolutionized,revolutionised
persuasion,persausion
pathway,parth_way
map,mape
staying,staing
destructive,distructive*2
fantasia,phantasia
tale,tail
Welsh,Wesh
switch,swich
deposit,deposite
tall,toll
wishing,wiching
group,groupe
satyr,sotyr
maid,made
Guatemala,Guatamala
clean-smelling,clean_smelling
primitives,primatives
titillate,titalate
leopards,lepers
developments,develepment
truthful,truthfull
enlargements,enlargments
peasant,peasent
careless,carless
pernickety,pernicety
tobogganing,tobboganing
stitch,stich
registries,regsirties
asymptote,asentote
brooks,brookes
spies,spys
screaming,skreeming
cough,caugh
underwear,underware
ministry,ministery
listings,listsings
carry,cary
sounds,soudns
extrovert,extrevert
moisture,mosture
rebuttal,rebutal
exoskeleton,exoskelaton
loneliest,lonlest
accurately,accruately
broadcast,bradcast
Luke's,Luks
singsong,singsog
infiltrate,infilitrate
dukedom,dukeship
goddesses,godesses
sailing,saling
sick-room,sick_room
knives,kinfe
venture,vanture
tractor,trator
villein,villin
nuisances,nusuces
speakers,spaekers
consortium,consorcium
squad,sqird
good_humouredly,good-humourdly
haste,hast
Dr,Doc
pail,pale
decreasing,decresing
rehearsal,rehersal
coveted,coverted
preventive,preventative
participle,participal
stockings,stokings
shop,shap*2
veranda,meranda
Tonner,Toner
shoe,shou
Stephen,Steffen
label,lable
curled,cerled
storms,stormes
bossy,bosy
analytic,analitic
black,blak
treasury,treasurey
twenty_one,twentone
exaggeration,exageration
sackfuls,sackfulls
pharaohs,pharoahs
nouveau,noveau
intuitive,intutive
colossus,collosus
yield,yeild*2
worrying,worring
kernel,kernal
caller,cauler
relative,relitive
eliminating,eleminating
seal,seel
calendar,calender*2
slimmer,slimer
forecast,forcast
father's,farther's
pump,pomp
be_frightened,frignd
crucified,crusifed
tacit,tasit
cervical,cervial
according,acording*2
among,amoung*2
forecasting,forcasting
possessive,possesive
stretched,streched
unusual,unusal
childbirth,childbird
Valletta,Valetta
capable,capeable
encryption,encryptiion
dependable,dependeble
wobbly,wobberly
constituencies,consituencies
sensibly,senseably
shopping,shoping
unturned,unterned
wake,waek
declaration,decloration
encapsulation,encapsualtion
odyssey,oddysey
ignition,igntion
bathe,bath
characteristics,charistics
sincere,sincer
Jones's,Joneses
Factory,Facttoer
baths,bath
effluence,effulence
protein,protem
jackdaw,jack_daw
everyday,every_day
ill-behaved,illbehaved
pat,pate
heartbreak,hertbreake
semesters,semisters
stepped,steped
straitjacket,straightjacket*2
pan,pen
assist,asist
annulled,annuled
nonprofessional,nonproffessional
totally,totaly
drain,drian
largely,largly
amounts,ammounts
solve,slove
consisted,consist
alfalfa,alphalpha
outdoor,out-door
leeway,leaway
aspect,aspeat
illegitimacy,illegimacy
asthma,athsma
pile,pill
grip,gripe
admitting,admiting
railroad,railrode
acquainted,aquainted*2
indisputable,indisputible
Troy,Toy
served,surved
robbers,robberys
doll,dall
commandeer,comander
dole,dol
sneaked,snuck
gramophone,grammophon
extinct,extint
accomplice,acomplice
gross,grose
lunar,lunur
linoleum,linolium
supplanted,surplanted*2
manufactured,manufatured
notably,noteably
despicable,dispicable
Goodbye,Good_by
refers,referrs
roar,raw
island,iland
generated,generataed
brainier,brianer
imitated,immitated
whites,wittes
abattoir,abbatoir
well_illustrated,well-illustrated
references,refernces
millipede,millepede
caterpillars,catterpilars
Characters,Chartors
hysterical,hystrical
buggy,bugy
flamboyant,flamboueant
strawberry,strawbery
conqueror,conquerer
embed,imbed
affection,afection
foundry,foundary
deer,dear
examine,examin
girlfriend,girl_friend
film,flim
assessing,accesing
drivers,divers
sneeze,snese
resembled,ressembled
nutrient,nutritent
forbidden,forbiden
bravest,bravist
invariably,invarably
reluctant,relectant
prefixed,prefixt
inexhaustible,inehaustible
prefixes,prefices
preserved,perserved
tranquillity,tranquility
pickpocketing,pick_poketin
enjoying,injoying
parcel,parsel
sitting,siting*3
iconoclastic,iconclastic
scout,skout
washing,waching
mothers,mouthers
applicable,aplicable
preposterous,proposterous
titles,tittles
lawyer,lawer
dial,dael
defence,defense*2
stood,stod
illogical,ilogical
carcass,carcas
movement,movment
component,componant
favourably,favorably
disastrous,disasterous*2
operating,opperating
lunch-hour,lunchhour
eleven-plus,eleven_plus
enmity,emnity
airport,airpot
published,puplished
emptied,emptyed
gristly,grisly
establish,astablish
metallurgy,metalurgy
distinct,destinct
wiped,wippd
achieving,acheiving
sylph,slyph
American,Ameracan
controlling,controling
nineteen,ninteen
none,non
hour,our
strain,stran
specializes,specialisises
den,dener
superstitions,supperstishons
pioneered,pinoneered
specialized,speciallized
Hitler,Hitlar
compare,compair
sphere,spere
teddy_boys,teddyboys*2
needs,neads
drained,draned
receptacle,receptacel
acts,acks
hammarskjold,hammerskjold
bleat,blait
questioning,question_ing
entry,netry
spiteful,spitefull
cemeteries,cemetaries
infant,enfant
dough,doe
suffer,sufer
messed,mest
arteries,arery
microscopic,mircroscopic
researches,reas
speech,speach*2
noticing,noticeing
tinned,tin
compound,compond
complain,complane
pollinator,polinator
spy,spiy
right-hand,right_hand
boisterous,boystrust
forthright,fortright
harm,ham
delicious,delicous
connect,conect
surly,surley
seniority,seneority
orient,orientate
ides,idesa
flower,flour
acting,actting
print,prent
evaluation,evaualtion
circumstance,curcumstance
senor,senour
imperial,empirial
members,menbers
eventuality,eventuallity
omit,omite
wither,whither
copper,coper
valentine,valintine
utilized,utalised
elevator,elavator
cups,cup
bullied,bulyed
divorce,devorce
least,lest
paint,pant
park,parck
excels,excells
draped,drapped
dentist,dentest
part,pard
drunkenness,drunkeness*2
doctors,docters
culminating,culiminating
supposes,suposes
gotten,gotton
mortgaged,mortgauged
kapok,kapock
toe,tow
declare,declair
reparation,repairation
download,doenload
cistern,sistern
orders,oders
mountain,mountian
rowed,rowd
eggs,egges
branching,braching
giggling,gigling
dimension,dimention
cramped,crampt
mammoth,mamoth
weigh,wiegh
organism,organim
thomas,thomes
sparrow,sporrow
fins,finse
businesses,busineses
hopped,hop
networks,netowrks
month's,month
giant,gaint
breast,brest
autobiographic,authobiographic
silk,silke
merchandise,merchandize
pogroms,progroms
sclera,clera
armature,amature
archaeologist,archeaologist
woollens,woolens
cynical,synical
vine,vin
surrendered,surrended
changeable,changable
visiting,visting*2
superseded,superceded
halves,halfs
interrelated,interelated
myriad,myraid
consonants,consonents
complementary,complemantary
aircraft,aercraft
full-time,full_time
mean,meen
point,pont
godforsaken,god_forsaken
trilogy,triology
creativity,creatitivity
volley,volye
faithfully,faiyhfully
dropping,droping
gay,jay*2
dissension,desention
pierce,peirce
solid,soled
tape-recorder,tape_recorder
presbytery,presberitory
rigour,rigeur
standardizing,stanerdizing
impracticable,impractible
cents,cens
Prison,Prisern
butcher,bucher
lenient,leniant
undecidable,undecideable
keys,kees
parliamentarian,paliamentarian
aggregate,agregate
timid,timed
Zionists,Sionists
task,tasked
supersede,supercede*3
spent,spend
withdraw,withdrawl
preference,preferance
wig,weg
predominantly,predominently
letting,leting
superficial,superfical
cut,cat
Doctor,Docter
deliberately,deliberatly
administrative,adminstrative
excited,exited
hates,hate
bid,bed
cognitive,cogntive
follows,followes
moccasins,mocassins
foolish,folish
obliged,oblidged
impeach,inpeach
strongest,stornegst
accelerate,acellerate
mirror,mirrow
candle,candel
contacts,contancts
pet,pat
per,pere
pen,pan
class's,classes
be_coming,became
windowpanes,window_panes
continuing,continueing
restrictive,restictive
loud-mouth,loud_mouth
tripping,triping
goods,goodes
beans,bean
guerillas,guerrilas
daisies,daises
pollution,polution*2
tentacles,tenacles
handbook,hanbook
opponent,oponent
imprisonment,inprisonment
invite,invit
hoped,hopped
quiescent,quiscent
verruca,varooka
TV,tv
expedition,expidition
pseudonymous,pseudononymous
scarlet,scarlit
cure,qure
cafe,kiffe
denying,denyin
brethren,bretheren
priory,piorly
commonest,commenest
Israelis,Israelies
assassinate,assasinate*2
explaining,explaning
lend,leand
aggregates,agregates
papa,papy
restoration,restauration
desert,dessert
implies,imple
cooked,cookt
ascertained,acsertained
Scots,Scotts
ready-made,ready_made
tube,tub
groceries,grocerys
disintegration,desintegration
Someone,Some_one
embellishing,embelishing
peanut,penut
Lucky,Luckily
helps,hell
masculine,masculin
enlightenment,enligtment
inject,injeck
rhyme,rhymme
putting,puting*2
trouble-causer,trouble_causer
guanine,gunanine
arrange,arange
entire,intire
Lone,Long
crop,crope
depression,depreshtion
reconciliation,reconcilation
giving,giveing
worshipping,worshiping
access,acess
justification,justifacation
exchange,excange
nonexistent,non-existant
packing,paking
preamble,preample
irritating,irritaty
extreme,extream
remark,remarke
talent,talant
resurrect,resurect
existent,existant
composed,compossed
blizzard,blizard
limp,linp
Brazilian,Brasillian
lime,line
asteroid,asteriod
structuralization,stu
emigration,imigration
prizes,prises
arranging,aranging
billed,build
harvest,havest
subscription,subscribtion
account,acount
transmissible,transmissable
tunnel,tunel
exhilaration,exhileration
tag,tage
praise,prais
internecine,intercine
closing,closeing
reserved,rerved
bestiality,beastiality
effectively,effectivly
ascension,accension
hangar,hanger
daring,dearing
lame,lane
timetables,time_tables
fete,fate
furnace,furnice
stock,stark
autobiography,authobiography
novelists,novellists
incompetence,incompetance
scalable,scaleable
by_by,byby
bluff,bluf
cuddling,cuddly
poacher,pocher
colonnade,collonade
wedding,weding
repentant,repentent
horns,horn
flattering,flatterring
nasty,narsty
winning,wining
criminal,crimamel
yeoman,yoman
dad,bad*2
cutting,cuting
kindness,kind_ness
february,febuary
airports,airporta
warned,wornd
radiant,radient
identified,indentified
octahedral,octohedral
constraints,constaints
programmes,programes*2
mats,mates
announcer,announser
mate,mat
messenger,messanger
barley,barly
red,rad
Sheba,shebre
fluctuates,fluctuations
stenographer,stenografer
frank,franck
approaches,approachs
matchboxes,match_boxes
X-rays,exrays
likelihood,likelyhood*2
cured,curred
recipes,recipies
yarn,yorn
chicken,chiken
mortal,mortle
retain,retane
retail,retale
strategic,startegic
vagina,agina
every_day,everyday
acquiescence,acquiesence
programmable,programable
chaser,chasr
nut,not
gear,gere
seeing_as,seeings
explanation,explaination
nobody,nobudy
negro,negrow
blazers,blasers
hen,han
bodyguard,body_gaurd
Eastwood,Estwood
imaginative,imaginitive
recommends,recomends
countryman,countriman
precipice,presipice
Nicholls,Nickals
procure,proqure
prisoner,prisner
payment,pament
de_rigueur,de_rigeur
request,requst
disease,desease
rendezvous,rendevous
skinny,skiny
normally,normaly
kite,kit
text,texed
supported,suppore
incorruptible,incorruptable
hydroelectric,hydrolectric
vacillate,vaccilate
ambiguity,amibuity
fatiguing,fatiging
oppressor,oppresser
inferior,inferier
discovers,dicovers
delirious,dilirious
photography,photograph
beam,beame
bead,beed
madam,madame
daffodils,daffodill
asks,ask
attempting,attemting
routine,rouint
filthiness,filthness
linguistics,libguistics
than_or,thanot
climatologists,climatoligists
joke,jock
assure,asure
attributes,atributes
passing,pasing
guerrilla,guerrila
glorious,glourious
otherwise,other_wise*3
Holiday,Holliday
playwrights,playwrites
muddy,mudy
copies,copys
primordial,primordal
absorbent,absorbant
anomaly,anomoly
define,deffine
chauffeurs,chauffers
censor,censur
essentially,esentially
finished,finshed
tense,tens
bull,bool
divisions,divisons
bye,buy
nasty-tempered,nasty_tempered
value,vaule
handwriting,hand_righting
frustrating,frustartaion
pheromone,feromone
planets,plant
manually,manualy
walks,walk
partner,partener
portray,protray
blue-covered,blue_covered
progressing,progreing
casualty,casulaty
strawberries,strawberrys
twelfth,twelth
spirituous,spiritous
bullying,bulling
sisters,sister*2
judgment,judgement
insure,ensure
overshadowed,overshaddowed
exceedingly,excedingly
vinaigrette,vinagarette
dinnertimes,dinner_times
ratify,radify
executive,exectutive
storey,story
nicknamed,nick-named
protecting,pretecteng
repetitious,repititious
Friday,Firday
demographic,demographical
mathematically,mathematicaly
Apprenticeship,Apprentiship
match,mach
resolved,resoved
thoughtlessly,thorought
judiciary,judisuary
boyfriend's,boyfrends
journalism,journaism
soft,saft
propel,propell
hail,hale
infiltrated,infilitrated
proper,propper*2
stuffy,stufy
happens,happends
hurricane,huricane
students,studens
pepper,peper
hose,hoes
slight,slite
worthy,worthey
Newfoundland,Foundland
certainty,certainity
tome,tiome
rendered,renderd
functional,funcional
adolescent,adolecent
awarded,awedid
rococo,rococco
ivory,ivery
chatting,chating
Dec,des.
bug,big
embargo,emp
wise,wize
variations,verations
Gauguin,gogin
skating,skateing
rabbits,rabbit
whisper,wisper
pie,piy
pig,pag
periods,prei
in-between,in_between
mysteriously,misteriously
unintelligible,unentelegible
oak,oke
detail,detaile
ducked,duck
dresses,dressers
convicts,convicks
weaponry,weaponary
astronomy,astonomy
prevalent,prevelant*2
a_bit,abit*2
secretary's,secretary
Pleased,Please
Lead,Led
sleet,sleat
trolley,trolly
stationery,stationary
wondrous,wonderous
merchant,merchent
conjecture,conjecutre
exempt,exampt
risk,resk
dispense,dispence
rise,raise
amorphous,amourfous
whoever's,who_evers
motor-cruiser,motor-cruisr
reciprocal,reciprocel
supports,support
integrated,intergrated
admissible,admissable*2
Europeans,Europians
disciplines,disiplines
guidelines,guidlines
nail,nale
fattening,fating*2
hide,hid
beaten,beat
conduct,conduck
jaundice,jaundise
orgies,orgi's
diagonal,diagonel
Ferrari,Farrari
in_to,into
museums,mieums
settled,settle
hydrophobic,hydropobic
swearing,swearinge
visibly,visably*2
erected,erested
patience,patients
too_much,tomuch
June,Jun
assessment,assesment
coffins,cofens
naive,nieve
dressing,adressing
grief,greif*2
deciduous,ecidious
all-boys,all_boys
hutch,hudge*3
tremendously,tremendisle
entertained,enterteyned
deficiencies,defficenciy's
install,instal
Poem,Pome
unilateral,unilatreal
estate,astate
bilaterally,bilateraly
attract,atract
ceremony,cerimony
end,and
frescos,frescoes
Muslims,Mohammedans
aching,acheing
Miranda,meranda
widespread,widesread
mess,mes
protuberance,protruberance
jumping,junping
tidying,tiding
provisionally,provisionaly
daredevil,dare_devil
algorithms,algoritms
jungle,jungel*2
enter,anter
Dunstan's,Dunstan
bingley,bingly
allophone,allopone
expects,spects
executes,excecutes
talkative,takativ
clapped,claped
forehead,forhead
theologian,theologist
exhibits,exsibites
trams,trambs
strand,strnad
semi-permanently,semi_permanantly
curly-headed,curly_headed
superintendents,superintendants
bellringing,bell_ringing
toroidal,toriodal
author's,others
lasting,last
consolidate,consolodate
forfeit,forfiet
cloths,clothes
Kidneys,Kidney
clothe,cloth
driving,driveing
god,gad
washed,wosh
counselors,councellors
emphysema,emphysyma
swirling,swaling
lavatories,lavatries
rail,rale
masterpiece,masterpice
evil,efel
immigrated,imigrated
outfits,out_fits
hopeless,hopless
onto,on_too
some_other,someother
recite,resite
dunce,dunts
a_museum,amusum
attractions,attracktions
encouraging,encouraged
lovable,loveable
philosophical,philisophical
quicker,qucker
adopted,addopted*2
top,tap
ton,tun
glucose,gluo
indiscreet,indiscrest
tool,tol
serve,surve
Thames,Thems
western,westen
postcards,post_cards
abandoning,abondoning
unsaid,unsed
bulletins,bulletings
immigrants,inmigrants
genealogies,geneologies
flame,flam
three_quarters,threequaters
beard,beared
donkey,donky
handkerchief,hankerchief
ran,run*3
rat,ret
spade,spad
traditionally,traditionaly*2
curly-haired,curly_haired
Let's,Lets*2
hatch,hach
girl's,girls
prostitute,prostut
partition,partician
entertaining,intertaining
section,secion
contacted,contracked
queen,qeen
radio,raido
availability,avaiblity
situations,situation
disgust,discust
scripture,scriture
borrowed,borrowd
criticizes,critisizes
herd,heard
borrower,borrowr
despite,dispite*2
excel,excell
automatic,autumatic
farther,father
fragrant,fragrent
penance,pennance
Caribbean,Carribean
presuming,preuming
swept,sweped
liquor,licker
infectious,infectuous
accede,acceed
temptation,temtation
liaise,liase
positron,positon
weak,week
isn't_it,isinted
bad_temper,badtempar
goddess,godess
fault,falt*3
Franciscans,Fransiscans
hypocrites,hypocrits
expense,expence
confide,cornfield
maudlin,mauldin
Bechuanaland,bechuarnia_land
comical,commical
conference,conferance
bathroom,both_rom
beneficiary,beneficary
beet,beat
expected,exspected
bereavement,bereivement
cream-coloured,creamed_coloured
Cypriot,Cyprian
cracker,craker
stopping,stoping
xylophones,zylaphones
precede,preceed
Ellis,eles
expenses,expences
suggest,sugest
catholic,cathlic
suburb,suberb
specialize,special
Leicester,Lester
paralysed,paralised*2
hearty,hartty
After,Artair
unemployment,unee
bruise,bruse
functionally,functionaly
thick,thik
explanatory,explanotory
relatives,reletivs
technological,tecl
humanity,humaniti
James,Jame*21
breaks,brakes
judge,juge
sanitary,sanatary
advanced,advansed
appearing,appearin
gift,give
hunt,hont
dishonest,disonist
offices,offercis
officer,oficer
arbitrary,arbitary
excerpt,exerpt
scrabble,scrabdle
Champagne,Champange
proceeding,proceding*2
ice,ise
christmas,christman
khaki,kahki
census,cencus
hothouses,hot_houses
misleading,missleading
plus,pluse
rigor,rigeur
primitive,primative
presence,presense*2
civil,cival
puzzle,puzzel
obtaining,optaning
bath,barth
entrepreneur,entrepeneur
accomplishments,acomplishments
trafficked,trafficed
rounds,rouns
fairyland,fairy_land
indispensable,indispensible*3
purposely,purposedly
manoeuvrable,manouverable
attempted,attemted
heinous,hienous
heap,heep*4
cylinders,silinders
bargain,bargin
decorate,decerate
trim,trem
furs,fers
sometime,somtime
annoying,anoying
radically,radiaclly
commercials,commerciasl
proceedings,procedings
setting,seting
formalize,formallize
toad,toed
preceding,preceeding*3
apologizing,apaligizing
longer,loger
landed,laded
withhold,withold
uncovered,an_cafferd
voluntarism,volunteerism
fasten,fasen
backward,ackward
neighbors,neigbours
affair,afair
rod,rode
incorporation,incorperation
transportability,transportibility
displaying,dispiaying
netball,nut_ball
melon,mellon
stove,stov
exalted,exhalted
waggish,wagish
interbred,interbread
cook,kook
cyan,cxan
philippines,phillipines
posts,post
cloudy,clody
pork,prok
ubiquitous,ubiquitious
obsolete,obselete
dried,drid
bake,back
chair-leg,chair_leg
substitute,subsitute
drinks,drik
tarmac,tar_mak
reply,replie*2
bearers,bearer
abandon,abondon
entertain,intertain
awe-inspiring,awe_inspiring
sheriff,sherif
pearls,pirls
descended,descend
exams,exaim's
newcomer,newcommer
noticeably,noticably
problematic,proplematic
some_day,someday
sports,storts
prey,pray
diagrams,dig
October,Octber
conductor,conducter
sessions,sesons
altar,alter
cashier,casher
employee,employe
dismal,dismell
cases,casses
states,stats
sheds,shed
modified,modiefied
unruly,unrooly
heart-throb,heart_throb
laughter,lauger
vigor,vigeur
camp-bed,camp_bed
as_well,aswell
Cheetah,Cheter
counting,countin
pass_card,pasecart
scar,scare
inheritance,inheritage
secured,sucured
innumerable,inumerable
endorsement,endorsment
ensure,insure
Stranded,Stranden
eighty,eaghty
siren,satren
birthday,brithday
tipped,tipe
apprenticeship,apprentiship
amuse,ammuse
inform,imform
constituents,constituants
worship,warship
blocked,bloked
Castle's,castels
Phil_Hill,Phillhill
swans,swan
stewing,stawing
bound,bond
underneath,under_nethe
qualified,qualafied
feature,feture
sophomore,sophmore*2
opera,opra
corners,cornes
realistic,realistice
oratorio,orotario
weighted,wagted
torch,tourch
sprinkle,sprinkel
parent's,parents
anoint,annoint*2
ultimately,ulimately
taxonomy,taxanomy
intercourse,intercors
collate,colate
isotope,isotrop
motion,moshen
swing,suing
fetched,feched
gala,garler
millions,milons
earths,earth
district,distrect
Bernoulli,Bernouilli
convention,convension
headmasters,head_masters
caning,canning
hut,huct
cops,caps*2
alas,alass
specify,specif
modelled,malod
accused,accussed
cards,cars
most_likely,mostlikely
overfill,overfil
mates,mattes
rent,reant
silhouette,silhuette
transcription,transcripting
sending,senting
ideal,idel
primaries,primarys
clearer,claerer
falls,forls
visitors,vistors
Gandhi,Ghandi
clatter,clater
wireless,wirless
Audrey,audre
detective,detct
perch,pirch
recipe,resipe
What,Wh't
woolen,wollen
prime_minister,priminister
nadir,nadar
favor,faver
written,writen*2
crime,crim
believing,beleiving
wool,woll
centrally,centraly
begging,beggin
Athenian,Athenean
lighter,lighted
impolite,inpolite
fainted,fanded
Geoff,Goef
penguins,pengiuns
discussing,discusing
anoints,annoints
ignored,egnorred
collects,colecks
cat's,cats
fails,failes
generosity,generousity
federal,fedral
commitments,committments
spoons,spoon
controllable,controlable
good-looking,good_looking
grieved,grived
isthmus,ismus
successes,sucesses
contract,contrack
senator,senetor
utterance,utterence
bricks,brick
pot,pat
Note,Noet
pole,poll
colon,coaln
turkey,turky
subscribed,subjecribed
troupes,troups
ruining,ruinning
blessing,blessure
innkeeper,inn_keeper
ophthalmic,opthalmic
spirit,spirt
paying,paing
specialised,speciallized
predominately,prominately
amend,ammend
admissibility,admissability
cash,cach
cast,kast
slippery,slipery
slippers,slipers
wintry,wintery
bowl,bole
team-mates,teamates
shifts,shilts
confidential,confidental
nest,nast
refusal,refusla
drives,drive
persons,person
canister,cannister
statue,statu
implements,implemtes
magical,majical
aggro,agro
relied,realied
reward,reword
whereas,wheras
bodies,bodys*2
guided,guard
unconstitutional,unconisitional
ninth,nineth*2
violent,filent
satin,saten
captured,captored
blot,blat
hint,hent
rose,roes
embezzled,embezelled
scrapbook,scrap_book
disrupt,disrupte
catarrh,catar
loaned,laoned
tig,tige
well-built,well_built
shillings,shilling*2
perspiration,persperation
slice,slise
caribbean,carribean
prolific,profilic
defenceless,defencless
freed,fleed
calmed,carmd
quit,quite*2
calmer,comer
resurrection,ressurection
keratin,ceratin
one_day,oneday
zealous,zelous
paralysis,parallysis
stand,sand
ladies,ladys
cambridge,cambrige
adders,addres
That's,Thats
accounts,acounts
theoretically,thredically
in_depth,indepth
inadvertent,inadvertant
cultures,culu
alleges,alledges
forbade,forbad
municipalities,muncipalities
mischief,mischeif
fundamentals,fundametals
tranquility,tranquillity
regard,reguard
Porky,Paulkey
cabinet,cabinate
promote,promot
show-off,show_off
applying,applieing
ennui,ennuui
strongly,stongly
contributors,contributers
frighten,friten
necessitates,nessisitates
britain,britian
diverged,diversed
bishop,bishope
a_long,along
onerous,onirous
compel,compell
insurance,insurence
rubber,ruber
roses,ross
oneself,ones_self
symbol,synbol
includes,incueds
brass,bras
assassins,assasins
clinically,clinicaly
applause,applaus
curve,cerve
peninsular,penninsular
prolegomena,prologomena
lace,lase
lack,lake
parakeets,parrakeets
seals,seas
executing,excecuting
dish,dich
settlement,settelment
apartment,appartment
dairy,diary
cress,crest
defuse,difues
fax,faxe
fat,fet
bubbles,bubbals
misspelling,mispelling
grandfather,grandfarther
programme,programe
flick,fick
louvre,loovar
rate,rait
sum,some
crust,crost
version,verison
bossing,bosing
ruffle,ruffel
Susan,susan
epitome,epitomy
geared,gird
heifer,effer
deities,dieties*2
miniature,minature*2
supplements,suplements
horrified,horrieyfide
disposition,dispostion
faint,fant
wield,weild
pervaded,prevaded
dissatisfied,disatisfied
converters,convertors
grabbing,grabbin
discovering,dicovering
known,none
glad,glatt
plagiarism,plaigarism
equation,equasion
daisy_chains,daisychain's
excursion,excurtion
redecoration,redecoraton
niagara,niagra
arise,arrise
cultivate,cultavate
swung,swonge
extinguisher,extinguser
off-centre,off_center
broadly,broady
desperation,despiration
okay,okaye
algebra,algerbra
adventure,aventure
proclaimed,proclamed
penitentiary,penitentary
supervision,supervison
shore,shor
developed,developped
disabled,disabelled
scientist,scienc
reconnect,reconnet
eluded,alluded
inquiries,equiries
developer,deyveliper
disagreed,dissagreed
style,stile
slipped,sliped
millinery,millinary
resort,resourt
centre-half,center_half
unusable,unuseable
communities,comminites
adventurous,adventerous
bigger,biger*2
mathematician,mathmatician
philology,phlology
tomatoes,tomatos*2
hammering,hemmsering
friendship,freindship
characterized,charaterized
malfunction,malfuc
beneficent,beneficient
repartition,repatition
duchess,dutchess
Joseph,Jospeh
anonymity,anonimity
wondered,wonder
commemorative,commemerative
health,helth
Teddy_boys,Taddyboys
thread,thred
Flemish,Flemmish
healthwise,health_ways
bourgeoisie,bourgoisie
threat,thret
twenty,tewenty
tennis-ball,tennis_ball
feed,fed
connotation,cannotation
dine,dime
unhealthy,on_hethy
upper,uper
radical,rap
fancy,fance
sympathy,sympthy
knick-knacks,knicknacks
notify,notife
blank,blak
totalitarianism,totalitarionism
regret,regreat
syrup,syrap
store,stor
headache,headace
attendants,attendents
not_in,notin
gutter,guter*2
syllables,sylables
nagging,naging
dispensed,dispenced
stalk,stork
inventiveness,int
silence,silents
enamored,enamoured
Zionist,Sionist
Beryl,Beryil*3
alike,alick
smallpox,small_pox
finding,find
irritated,iritated
architects,archetects
rarefied,rarified
cigarette,cigaret
seasons,season
measured,mesured
equatorial,equitorial
quorum,quorem
windows,windous
traditional,traditonal
institutions,insitutions
journeys,journies
incunabula,incunabla
aggravate,agravate
securing,secureing
camel,camal
technologically,tecln
transcendental,transcendentational
aficionado,afficionado
telltaling,tell_tailing
hid,hide
factorization,factontion
nickelodeon,nickleodeon
retaliated,retalitated
consciously,conciously
dump,pump
achieves,acheives
defense,defence
bare,bear*2
arm,arn
barn,bran*3
learns,lerans
surmounted,surmountin
libraries,libraies
orbiting,orbitting
numerous,numorous
solo,solow
initially,intially
tuck-shop,tuck_shop
days',day's
arbitrarily,arbitarily
guts,futs
sweet,swet
sweep,swep
harbour,harber
weasel,wasel
nettles,nettes
political,polictical
whom,whome
apprehensively,aprehensivly
sociable,socable
varnish,vanish
buck,bouk
transferring,transfering
miring,morning
workmen,work_men
shortened,shortend*2
Italy,Itlay
misfiring,miss_fireing
disappointing,dissapoiting
obstacle,obstacal
rid,red
ideologies,idealogies
stimulated,simulated
kimono,kimona
orientated,orentated
widely,widly
advise,advice
daughters,doltos
cartridge,cartrige
restraint,restraunt
negotiate,negociate
sagacious,sagatious
lower,louer
equalled,equaled
dared,dere
machinery,machinary
stating,stateing
presume,presum
competitive,competive
questions,qustions
margarine,magerine
tables,table
workers,work
Orignal,orginal
systematically,systemetically
ignore,egnore
collect,colect
depleted,depleated
translators,translaters
acclimatization,acclimitization
emanate,eminate
clown,cloun
selfishness,selfeshness
stately,statelly
Fire,Fiyer
crisis,crises
adoptive,addoptive
inoculate,innoculate*2
monastery,monestary
tourers,turrers
perpendicular,perpindicular
violins,voilins
Roy,Roys
complimentary,complementary
cutoff,cutf
Philip's,perllips
unnoticed,unnotie
tenth,tent
acquiesce,aquiese
Every,Evey
prettier,prettyer
summertime,summer_time
perform,preform
sections,section
files,fiels
mountains,mowtins
girlfriends,girlfriend
searching,serching
filed,fild
Austin,Autin
raising,rasing
Mara_Liasson,liason
consist,consisit
declarations,declaratrions
hasn't,hasen't
interbreed,interbread
reservoirs,resoviors
ingredients,ingreediants
rainy,rainey
peach,pech
scrutinized,scrutiniesed
towers,tower
polishers,polishes
problems,problem
pottery,potery
happier,happyer
vice,vise
Malcolm,Malcom
liquefy,liquify*3
remit,remitt
impatient,impationt
weights,weigths
narrative,narative
scroll,scoll
issued,isued
resistance,resistence
dispel,dispell
gang,ganer
cupboards,cubards
uphold,uphole
languages,laguages
stable,stabel
dramatically,dramaticly
golliwogs,golly-wogs
bedrooms,bed_room
spoon,spon
any_more,anymore
drinking,driking
paternity,paternaty
notes,nots*2
dealt,delt
noted,notted
enamoured,enamored
reunion,renunion
unavailable,unavailble
capital,capitol
ammunition,amunition
delighted,delited
degree,degre
pushing,pusing
youngest,youngeist
desired,disired
separation,seperation*2
perforation,preforation
group_sex,groupsex
pickle,pickel
colouration,coloration
suggests,sugests
meths-powered,meths_powered
snobby,snoby
feverishly,fevorishly
motor,moter
duck,duk
apply,aply
cordoning,cordonning
fed,feed
fee,fea
consumption,consup
frog,forg
weeping,weping
timing,timeing
parliament,parliment
musician,musican
rabbit,rabit
strategically,stratigically
tar,tare
tax,tacks
carrot,carret
sir,ser
united,unighted
buoyant,bouyant*2
six,sex
parlour,palor
fortunate,fortuneate
dependent,dependant*2
struggled,strogald
typewriter,typwriter
lesion,liasion
nobbled,knobled
tact,tacked
perjury,perjery
abuse,abouse
wrist,rist
disproved,disproo
unbeliever,unbeleiver
accordion,acordian
crawling,crowling
perishing,perrishine
coolly,cooly*2
unjustified,unjustefied
strove,strived
dearest,derest
interpreter,interpretter
badges,bages
superior,supperior
carols,caroles
Butlins,butlins
contention,contension
flour,flower
flew,flow
negligent,neglegant
republican,republician
successor,succesor
articles,articals
feast,fest
trimmed,trimed
crikey,crigckey
erratic,eratic
upheavals,upheavels
pro_tem,protem
Next,Nexe
forenoon,fornoon
Which,Wiich
performs,performes
attentively,atentively
proviso,provisoe
promptly,promtly
kipper,kippur
conversation,convesation
hence,hense
exhibitionist,exabisionish
bouquet,boquet
bonnet,bonet
intuitively,intutively
effervescent,effervesent
wimp,whimp
wagging,waggin
Wings,Wing
shelf,shalf
shallow,shalow
diminish,diminsh
Catalina,Cataline
richer,recher
patients,patiants
arouse,arrouse
squealing,skwelling
sculpture,sculptor
coalesced,coalesed
sincerity,sincerety
levelled,leveled
unbearable,unbearible
agency,agentcy
deadlier,deadil
savagely,savagly
petrol,petal
vitamins,vitamines
discourage,discourge
refreshing,refection
neighboring,neigbouring
vernacular,veracular
movie,movei
marge,marg
levitated,levetated
planning,planing
taxonomic,taxanomic
filthy,fithy
subtracting,substracting
nearer,nerer
babyish,babeish
pastoral,pastural
daren't,darnt
corridored,corridoored
combo,cumba
counsellor,councellor
spun,spund
plaintiff,plantiff
midnight,midnigth
flirting,flearting
ophthalmology,opthalmology
words,word
queries,quies
econometric,economtric
requirement,ret
expel,expell
Thinking,Thinkng
acquires,adquires
Galatians,Galations
easels,essals
weighing,waying
extravagant,extravagent
joy,goy
spoil,spol
memento,momento
lifeboat,life_boat
tremolo,tremelo
willow,wilow
santa_claus,santa_clus
Rolls,rowles
commando,comando
rampantly,ramplily
respect,respct
Los_Angeles,Las_Angles
semaphore,sepaphore
mike,mic
nickel,nickle*2
painted,panted*2
ensuring,i
abandoned,abondoned
fearful,fearfull
choices,choises
persevered,perservered
supply,suply
quick-tempered,quick_tempered
layer,lloyer
ringing,rininging
thus,thous
pilgrimages,pilgrimmages
kissed,kiss
cross,cros
misogynist,mysogynist
gets,get*4
grandeur,granduer
slave,slav
premiere,premeire
conceived,concieved
disagree,diagree
diploma,deploma
beast,best
overcrowded,overcrowed
collar,collor
dignitary,dignatary
slaughterhouse,slaughthouse*4
theses,thses
pyjama,pygama
inter-schools,interschools
realised,relized
bending,bend_in
heavily,heavilly
room-mate,roomate
wealthy,welthy
cries,crys
recollection,recolection
rapid,raped
bell,ball
sky,skiy
capabilities,capabiltes
attractive,atractive
usage,useage*2
identical,identicial
sick,sik
provisions,provisons
execute,excecute
corresponds,corrisponds
raincoats,rain_coats
press,prass
redesign,redign
ticket,tiket
plough,plowe
loses,looses
counsellors,councellors
sloping,slopping
exceed,excede*2
scared,scarred
contemporaneous,contemporaneus
reclamation,reclaimation
birthmark,birth_mark
promontory,promonotory
export,exsport
scares,scards
synchronize,synshronise
bossed,bosed
instantaneous,instantanous
leap,leep
leader,leder
trout,trot
locate,locat
obey,obay
analysed,analised
asinine,assinine
fluorescent,florescent
paste,past
extension,extention
dependence,dependance*2
dependency,dependancy
carries,carrys
futurist,furturist
sweat,swet
argumentative,argumentitive
promise,promis
en_route,on_route
yankee,yanky
effeminate,affeminate
intention,intension
nourish,norish
over-protecting,over_protecting
deuce,duece
distract,distarct
record,recrod
stirring,stirrin
attained,attaindre
gnawing,knawing
bombarding,boma
goodness,goodnes
squirrel,squrrel
guitarist,guitarest
roars,rorse
incredibly,incredibally
marshland,marshladn
kinds,kins
rhapsody,raphsody
insipid,incepid
commencement,commencment
suppressing,supressing
tonner,toner
sash,sach